{"cameraMode":{"drawMode":0,"name":"Shaded","section":"Shading Mode"},"sceneLighting":true,"audioPlay":false,"sceneViewState":{"showFog":true,"showMaterialUpdate":true,"showSkybox":true,"showFlares":true,"showImageEffects":true,"showParticleSystems":true},"in2DMode":false,"pivot":{"x":37.217124938964847,"y":2.932297706604004,"z":-20.9197940826416},"rotation":{"x":0.14350520074367524,"y":0.0014836527407169343,"z":-0.00021693167218472809,"w":0.9896562099456787},"size":11.110897064208985,"orthographic":false}