{"cameraMode":{"drawMode":0,"name":"Shaded","section":"Shading Mode"},"sceneLighting":true,"audioPlay":false,"sceneViewState":{"showFog":true,"showMaterialUpdate":true,"showSkybox":true,"showFlares":true,"showImageEffects":true,"showParticleSystems":true},"in2DMode":false,"pivot":{"x":-58.62702560424805,"y":9.206258773803711,"z":-16.552906036376954},"rotation":{"x":-0.044983696192502978,"y":-0.0014989969786256552,"z":-0.00006924705667188391,"w":0.9989941120147705},"size":12.71906852722168,"orthographic":false}