{"cameraMode":{"drawMode":0,"name":"Shaded","section":"Shading Mode"},"sceneLighting":true,"audioPlay":false,"sceneViewState":{"showFog":true,"showMaterialUpdate":true,"showSkybox":true,"showFlares":true,"showImageEffects":true,"showParticleSystems":true},"in2DMode":false,"pivot":{"x":-1.6516557931900025,"y":-21.15569305419922,"z":-12.693328857421875},"rotation":{"x":-0.18669860064983369,"y":0.009428168646991253,"z":-0.0017920053796842695,"w":-0.9823700189590454},"size":76.2693862915039,"orthographic":false}