{"cameraMode":{"drawMode":0,"name":"Shaded","section":"Shading Mode"},"sceneLighting":true,"audioPlay":false,"sceneViewState":{"showFog":true,"showMaterialUpdate":true,"showSkybox":true,"showFlares":true,"showImageEffects":true,"showParticleSystems":true},"in2DMode":false,"pivot":{"x":-2.874892234802246,"y":36.62308883666992,"z":52.261253356933597},"rotation":{"x":-0.1576048582792282,"y":-0.04056677222251892,"z":0.006480662617832422,"w":-0.9866623878479004},"size":112.88077545166016,"orthographic":false}