{"cameraMode":{"drawMode":0,"name":"Shaded","section":"Shading Mode"},"sceneLighting":true,"audioPlay":false,"sceneViewState":{"showFog":true,"showMaterialUpdate":true,"showSkybox":true,"showFlares":true,"showImageEffects":true,"showParticleSystems":true},"in2DMode":false,"pivot":{"x":703.8939819335938,"y":83.8470458984375,"z":66.77099609375},"rotation":{"x":0.34553566575050356,"y":0.0014028602745383978,"z":-0.000516770058311522,"w":0.9384055137634277},"size":1190.4500732421875,"orthographic":false}