{"cameraMode":{"drawMode":0,"name":"Shaded","section":"Shading Mode"},"sceneLighting":true,"audioPlay":false,"sceneViewState":{"showFog":true,"showMaterialUpdate":true,"showSkybox":true,"showFlares":true,"showImageEffects":true,"showParticleSystems":true},"in2DMode":false,"pivot":{"x":-69.30191040039063,"y":-7.182443618774414,"z":84.70166778564453},"rotation":{"x":-0.08986115455627442,"y":0.14085052907466889,"z":-0.012837568297982216,"w":-0.9858778715133667},"size":78.53512573242188,"orthographic":false}