{"cameraMode":{"drawMode":0,"name":"Shaded","section":"Shading Mode"},"sceneLighting":true,"audioPlay":false,"sceneViewState":{"showFog":true,"showMaterialUpdate":true,"showSkybox":true,"showFlares":true,"showImageEffects":true,"showParticleSystems":true},"in2DMode":false,"pivot":{"x":-33.10538101196289,"y":0.7861942052841187,"z":-21.34435272216797},"rotation":{"x":0.14350520074367524,"y":0.0014836527407169343,"z":-0.00021693167218472809,"w":0.9896562099456787},"size":14.961360931396485,"orthographic":false}