{"cameraMode":{"drawMode":0,"name":"Shaded","section":"Shading Mode"},"sceneLighting":true,"audioPlay":false,"sceneViewState":{"showFog":true,"showMaterialUpdate":true,"showSkybox":true,"showFlares":true,"showImageEffects":true,"showParticleSystems":true},"in2DMode":false,"pivot":{"x":-58.85011291503906,"y":-30.8643798828125,"z":27.88265037536621},"rotation":{"x":-0.2961990535259247,"y":-0.033508796244859698,"z":0.010399464517831803,"w":-0.9544969797134399},"size":36.912010192871097,"orthographic":false}