{"cameraMode":{"drawMode":0,"name":"Shaded","section":"Shading Mode"},"sceneLighting":true,"audioPlay":false,"sceneViewState":{"showFog":true,"showMaterialUpdate":true,"showSkybox":true,"showFlares":true,"showImageEffects":true,"showParticleSystems":true},"in2DMode":false,"pivot":{"x":-10.615180969238282,"y":27.41666030883789,"z":6.1354522705078129},"rotation":{"x":0.04198088496923447,"y":0.01798294298350811,"z":-0.000755766814108938,"w":0.9989576935768127},"size":48.837791442871097,"orthographic":false}