{"cameraMode":{"drawMode":0,"name":"Shaded","section":"Shading Mode"},"sceneLighting":true,"audioPlay":false,"sceneViewState":{"showFog":true,"showMaterialUpdate":true,"showSkybox":true,"showFlares":true,"showImageEffects":true,"showParticleSystems":true},"in2DMode":false,"pivot":{"x":1.8566920757293702,"y":-1.4116551876068116,"z":3.8813748359680177},"rotation":{"x":-0.31213799118995669,"y":-0.494128942489624,"z":0.19587025046348573,"w":-0.7874333262443543},"size":3.478013515472412,"orthographic":false}