{"cameraMode":{"drawMode":0,"name":"Shaded","section":"Shading Mode"},"sceneLighting":false,"audioPlay":false,"sceneViewState":{"showFog":true,"showMaterialUpdate":false,"showSkybox":false,"showFlares":true,"showImageEffects":true,"showParticleSystems":true},"in2DMode":false,"pivot":{"x":-3.8694510459899904,"y":2.2212882041931154,"z":1.2720838785171509},"rotation":{"x":0.06816043704748154,"y":-0.6178557872772217,"z":0.05388953164219856,"w":0.7814754843711853},"size":5.3866143226623539,"orthographic":false}