{"cameraMode":{"drawMode":0,"name":"Shaded","section":"Shading Mode"},"sceneLighting":true,"audioPlay":false,"sceneViewState":{"showFog":true,"showMaterialUpdate":false,"showSkybox":true,"showFlares":true,"showImageEffects":true,"showParticleSystems":true},"in2DMode":false,"pivot":{"x":0.47210487723350527,"y":2.6867833137512209,"z":-1.263418197631836},"rotation":{"x":0.09883791953325272,"y":0.0029853058513253929,"z":-0.0002965145977213979,"w":0.9950988292694092},"size":5.872085094451904,"orthographic":false}