{"cameraMode":{"drawMode":0,"name":"Shaded","section":"Shading Mode"},"sceneLighting":false,"audioPlay":false,"sceneViewState":{"showFog":true,"showMaterialUpdate":false,"showSkybox":false,"showFlares":true,"showImageEffects":true,"showParticleSystems":true},"in2DMode":false,"pivot":{"x":-6.2782793045043949,"y":2.6071720123291017,"z":2.5218958854675295},"rotation":{"x":0.08802684396505356,"y":-0.08952656388282776,"z":0.007943869568407536,"w":0.9920547604560852},"size":5.3866143226623539,"orthographic":false}