{"cameraMode":{"drawMode":0,"name":"Shaded","section":"Shading Mode"},"sceneLighting":true,"audioPlay":false,"sceneViewState":{"showFog":true,"showMaterialUpdate":false,"showSkybox":true,"showFlares":true,"showImageEffects":true,"showParticleSystems":true},"in2DMode":false,"pivot":{"x":1.5732421875,"y":31.34423828125,"z":-42.3671875},"rotation":{"x":6.058435246814042e-7,"y":0.015590909868478775,"z":-0.000004246957814757479,"w":-0.9999023675918579},"size":35.23638153076172,"orthographic":true}