{"cameraMode":{"drawMode":0,"name":"Shaded","section":"Shading Mode"},"sceneLighting":true,"audioPlay":false,"sceneViewState":{"showFog":true,"showMaterialUpdate":false,"showSkybox":true,"showFlares":true,"showImageEffects":true,"showParticleSystems":true},"in2DMode":false,"pivot":{"x":-2.0479736328125,"y":31.0810546875,"z":-60.70703125},"rotation":{"x":-0.09732530266046524,"y":0.02148723043501377,"z":-0.0021055222023278476,"w":-0.9950466752052307},"size":29.41130828857422,"orthographic":true}