{"cameraMode":{"drawMode":0,"name":"Shaded","section":"Shading Mode"},"sceneLighting":true,"audioPlay":false,"sceneViewState":{"showFog":true,"showMaterialUpdate":false,"showSkybox":true,"showFlares":true,"showImageEffects":true,"showParticleSystems":true},"in2DMode":false,"pivot":{"x":13.656405448913575,"y":16.6029109954834,"z":7.666374206542969},"rotation":{"x":-1.246107075303371e-7,"y":0.0014997278340160847,"z":-3.4692867245667e-8,"w":0.9999988079071045},"size":26.821552276611329,"orthographic":false}