{"cameraMode":{"drawMode":0,"name":"Shaded","section":"Shading Mode"},"sceneLighting":true,"audioPlay":false,"sceneViewState":{"showFog":true,"showMaterialUpdate":false,"showSkybox":true,"showFlares":true,"showImageEffects":true,"showParticleSystems":true},"in2DMode":false,"pivot":{"x":-33.056175231933597,"y":17.706050872802736,"z":7.4901533126831059},"rotation":{"x":-0.013499319553375245,"y":-0.007499655708670616,"z":-0.0001012861612252891,"w":0.999880313873291},"size":9.412801742553711,"orthographic":false}