{"cameraMode":{"drawMode":0,"name":"Shaded","section":"Shading Mode"},"sceneLighting":false,"audioPlay":false,"sceneViewState":{"showFog":true,"showMaterialUpdate":true,"showSkybox":false,"showFlares":true,"showImageEffects":true,"showParticleSystems":true},"in2DMode":false,"pivot":{"x":-0.00026839785277843475,"y":-1.03943932056427,"z":384.7398986816406},"rotation":{"x":-0.14832620322704316,"y":-0.08238281309604645,"z":0.012403307482600212,"w":-0.9854297041893005},"size":360.0071716308594,"orthographic":true}