{"cameraMode":{"drawMode":0,"name":"Shaded","section":"Shading Mode"},"sceneLighting":true,"audioPlay":false,"sceneViewState":{"showFog":true,"showMaterialUpdate":true,"showSkybox":true,"showFlares":true,"showImageEffects":true,"showParticleSystems":true},"in2DMode":false,"pivot":{"x":-80.0000228881836,"y":-49.36006164550781,"z":101.38997650146485},"rotation":{"x":-0.03882274776697159,"y":0.09578975290060044,"z":0.0036388502921909096,"w":0.994716227054596},"size":8.198875427246094,"orthographic":true}