{"cameraMode":{"drawMode":0,"name":"Shaded","section":"Shading Mode"},"sceneLighting":true,"audioPlay":false,"sceneViewState":{"showFog":true,"showMaterialUpdate":true,"showSkybox":true,"showFlares":true,"showImageEffects":true,"showParticleSystems":true},"in2DMode":false,"pivot":{"x":32.26611328125,"y":-60.14677810668945,"z":-83.09942626953125},"rotation":{"x":-0.07198837399482727,"y":0.8306704163551331,"z":-0.11055184155702591,"w":-0.5409097075462341},"size":162.74981689453126,"orthographic":false}