{"cameraMode":{"drawMode":0,"name":"Shaded","section":"Shading Mode"},"sceneLighting":false,"audioPlay":false,"sceneViewState":{"showFog":true,"showMaterialUpdate":true,"showSkybox":false,"showFlares":true,"showImageEffects":true,"showParticleSystems":true},"in2DMode":false,"pivot":{"x":-53.400001525878909,"y":15.850000381469727,"z":0.0},"rotation":{"x":0.4389878809452057,"y":-0.033686112612485889,"z":0.016468394547700883,"w":0.8977206349372864},"size":2.5214080810546877,"orthographic":false}