{"cameraMode":{"drawMode":0,"name":"Shaded","section":"Shading Mode"},"sceneLighting":false,"audioPlay":false,"sceneViewState":{"showFog":true,"showMaterialUpdate":true,"showSkybox":false,"showFlares":true,"showImageEffects":true,"showParticleSystems":true},"in2DMode":false,"pivot":{"x":-0.029251931235194207,"y":-0.0576171875,"z":1.6614747047424317},"rotation":{"x":0.3355512320995331,"y":0.05929328873753548,"z":-0.021167688071727754,"w":0.9399169087409973},"size":1.6263738870620728,"orthographic":true}