{"cameraMode":{"drawMode":0,"name":"Shaded","section":"Shading Mode"},"sceneLighting":true,"audioPlay":false,"sceneViewState":{"showFog":true,"showMaterialUpdate":true,"showSkybox":true,"showFlares":true,"showImageEffects":true,"showParticleSystems":true},"in2DMode":false,"pivot":{"x":17.54498291015625,"y":-7.092409133911133,"z":-85.3577880859375},"rotation":{"x":-0.07198837399482727,"y":0.8306704163551331,"z":-0.11055184155702591,"w":-0.5409097075462341},"size":21.512588500976564,"orthographic":false}