{"cameraMode":{"drawMode":0,"name":"Shaded","section":"Shading Mode"},"sceneLighting":true,"audioPlay":false,"sceneViewState":{"showFog":true,"showMaterialUpdate":true,"showSkybox":true,"showFlares":true,"showImageEffects":true,"showParticleSystems":true},"in2DMode":false,"pivot":{"x":173.8307647705078,"y":-74.73768615722656,"z":365.98870849609377},"rotation":{"x":-0.006125834304839373,"y":0.9925428628921509,"z":-0.1079246774315834,"w":-0.05633644759654999},"size":77.61743927001953,"orthographic":false}