{"cameraMode":{"drawMode":0,"name":"Shaded","section":"Shading Mode"},"sceneLighting":true,"audioPlay":false,"sceneViewState":{"showFog":true,"showMaterialUpdate":true,"showSkybox":true,"showFlares":true,"showImageEffects":true,"showParticleSystems":true},"in2DMode":false,"pivot":{"x":-80.114013671875,"y":-40.66455078125,"z":88.39453125},"rotation":{"x":0.010440011508762837,"y":0.09883803129196167,"z":-0.0011368931736797095,"w":0.9951252341270447},"size":16.115863800048829,"orthographic":true}