{"cameraMode":{"drawMode":0,"name":"Shaded","section":"Shading Mode"},"sceneLighting":true,"audioPlay":false,"sceneViewState":{"showFog":true,"showMaterialUpdate":true,"showSkybox":true,"showFlares":true,"showImageEffects":true,"showParticleSystems":true},"in2DMode":false,"pivot":{"x":-80.0000228881836,"y":-49.36006164550781,"z":101.38997650146485},"rotation":{"x":0.0030011311173439028,"y":-0.006002073176205158,"z":-0.00008530996274203062,"w":1.0000560283660889},"size":8.198875427246094,"orthographic":true}