{"cameraMode":{"drawMode":0,"name":"Shaded","section":"Shading Mode"},"sceneLighting":false,"audioPlay":false,"sceneViewState":{"showFog":true,"showMaterialUpdate":true,"showSkybox":false,"showFlares":true,"showImageEffects":true,"showParticleSystems":true},"in2DMode":false,"pivot":{"x":-2.384185791015625e-7,"y":-1.0399999618530274,"z":9.739999771118164},"rotation":{"x":-0.2269054502248764,"y":0.0020390329882502558,"z":-0.0004703007871285081,"w":-0.9739218354225159},"size":2.7201545238494875,"orthographic":true}