{"cameraMode":{"drawMode":0,"name":"Shaded","section":"Shading Mode"},"sceneLighting":true,"audioPlay":false,"sceneViewState":{"showFog":true,"showMaterialUpdate":true,"showSkybox":true,"showFlares":true,"showImageEffects":true,"showParticleSystems":true},"in2DMode":false,"pivot":{"x":69.6529541015625,"y":-192.9691162109375,"z":-47.64068603515625},"rotation":{"x":-0.33544963598251345,"y":-0.35254114866256716,"z":0.1370706707239151,"w":-0.8627941012382507},"size":583.5377197265625,"orthographic":false}